ccl_grana_filename,ccl_grana_processing_time(ms),ccl_wu_processing_time(ms),findContours_processing_time(ms),ccl_grana < findContours,ccl_wu < findContours
..\ccl_data\jpg_files\Sparse\DH\n=1000d=10_49.jpg,188496,177555,164618,,
..\ccl_data\jpg_files\Sparse\DH\n=1000d=12_49.jpg,135636,200468,190522,1,
..\ccl_data\jpg_files\Sparse\DH\n=1000d=15_47.jpg,140624,186010,217418,1,1
..\ccl_data\jpg_files\Sparse\DH\n=1000d=6_46.jpg,169545,213428,171541,1,
..\ccl_data\jpg_files\Sparse\DH\n=1000d=8_44.jpg,170543,270214,195317,1,
..\ccl_data\jpg_files\Sparse\DH\n=2000d=10_10.jpg,484704,777416,549546,1,
..\ccl_data\jpg_files\Sparse\DH\n=2000d=12_10.jpg,522628,685166,614356,1,
..\ccl_data\jpg_files\Sparse\DH\n=2000d=15_10.jpg,448828,635276,521576,1,
..\ccl_data\jpg_files\Sparse\DH\n=2000d=6_11.jpg,448800,611398,449815,1,
..\ccl_data\jpg_files\Sparse\DH\n=2000d=8_10.jpg,452818,620312,389927,,
..\ccl_data\jpg_files\Sparse\DH\n=3000d=10_5.jpg,1030270,1408233,949123,,
..\ccl_data\jpg_files\Sparse\DH\n=3000d=12_4.jpg,986332,1379310,907541,,
..\ccl_data\jpg_files\Sparse\DH\n=3000d=15_4.jpg,1049193,1465109,1001637,,
..\ccl_data\jpg_files\Sparse\DH\n=3000d=6_5.jpg,1030246,1349359,934004,,
..\ccl_data\jpg_files\Sparse\DH\n=3000d=8_5.jpg,992376,1385294,877306,,
..\ccl_data\jpg_files\Sparse\DH\n=500d=10_212.jpg,28923,34904,63869,1,1
..\ccl_data\jpg_files\Sparse\DH\n=500d=12_196.jpg,27925,38896,47897,1,1
..\ccl_data\jpg_files\Sparse\DH\n=500d=15_204.jpg,24932,35903,67529,1,1
..\ccl_data\jpg_files\Sparse\DH\n=500d=6_231.jpg,35905,38892,40991,1,1
..\ccl_data\jpg_files\Sparse\DH\n=500d=8_220.jpg,27953,40886,30166,1,
..\ccl_data\jpg_files\Sparse\FA2\n=1000d=10_7617.jpg,191199,169544,115711,,
..\ccl_data\jpg_files\Sparse\FA2\n=1000d=12_7393.jpg,204583,171542,172708,,1
..\ccl_data\jpg_files\Sparse\FA2\n=1000d=15_7274.jpg,164821,167585,119666,,
..\ccl_data\jpg_files\Sparse\FA2\n=1000d=6_7470.jpg,185745,161540,135930,,
..\ccl_data\jpg_files\Sparse\FA2\n=1000d=8_6377.jpg,173762,157551,128665,,
..\ccl_data\jpg_files\Sparse\FA2\n=2000d=10_1785.jpg,620858,684198,450806,,
..\ccl_data\jpg_files\Sparse\FA2\n=2000d=12_1737.jpg,530617,737028,465949,,
..\ccl_data\jpg_files\Sparse\FA2\n=2000d=15_1826.jpg,680180,637297,476726,,
..\ccl_data\jpg_files\Sparse\FA2\n=2000d=6_1799.jpg,607005,747036,508639,,
..\ccl_data\jpg_files\Sparse\FA2\n=2000d=8_1813.jpg,606687,733071,485720,,
..\ccl_data\jpg_files\Sparse\FA2\n=3000d=10_833.jpg,1531709,1676515,1320442,,
..\ccl_data\jpg_files\Sparse\FA2\n=3000d=12_816.jpg,1581166,1650585,1452154,,
..\ccl_data\jpg_files\Sparse\FA2\n=3000d=15_874.jpg,1455108,1643572,1308500,,
..\ccl_data\jpg_files\Sparse\FA2\n=3000d=6_928.jpg,1363653,1769243,1208771,,
..\ccl_data\jpg_files\Sparse\FA2\n=3000d=8_845.jpg,1503254,1708451,1289711,,
..\ccl_data\jpg_files\Sparse\FA2\n=500d=10_26232.jpg,108806,41887,92021,,1
..\ccl_data\jpg_files\Sparse\FA2\n=500d=12_31131.jpg,76270,45848,63126,,1
..\ccl_data\jpg_files\Sparse\FA2\n=500d=15_30366.jpg,93759,42923,43032,,1
..\ccl_data\jpg_files\Sparse\FA2\n=500d=6_32813.jpg,81718,44875,45205,,1
..\ccl_data\jpg_files\Sparse\FA2\n=500d=8_35153.jpg,57054,41887,57076,1,1
..\ccl_data\jpg_files\Sparse\FDGE\n=1000d=10_1.jpg,202433,205423,185739,,
..\ccl_data\jpg_files\Sparse\FDGE\n=1000d=12_1.jpg,298492,205451,203456,,
..\ccl_data\jpg_files\Sparse\FDGE\n=1000d=15_1.jpg,191951,232379,195562,1,
..\ccl_data\jpg_files\Sparse\FDGE\n=1000d=6_2.jpg,197708,204453,176771,,
..\ccl_data\jpg_files\Sparse\FDGE\n=1000d=8_1.jpg,194478,181567,180618,,
..\ccl_data\jpg_files\Sparse\FDGE\n=2000d=10_1.jpg,735681,838783,719039,,
..\ccl_data\jpg_files\Sparse\FDGE\n=2000d=12_1.jpg,1042174,814819,699088,,
..\ccl_data\jpg_files\Sparse\FDGE\n=2000d=15_1.jpg,698646,878683,737086,1,
..\ccl_data\jpg_files\Sparse\FDGE\n=2000d=6_1.jpg,947367,760958,581768,,
..\ccl_data\jpg_files\Sparse\FDGE\n=2000d=8_1.jpg,679423,800886,653677,,
..\ccl_data\jpg_files\Sparse\FDGE\n=3000d=10_1.jpg,1582986,1998629,1472555,,
..\ccl_data\jpg_files\Sparse\FDGE\n=3000d=12_1.jpg,1716308,1841101,1563918,,
..\ccl_data\jpg_files\Sparse\FDGE\n=3000d=15_1.jpg,2269094,2030538,1685492,,
..\ccl_data\jpg_files\Sparse\FDGE\n=3000d=6_1.jpg,1391663,1759262,1164684,,
..\ccl_data\jpg_files\Sparse\FDGE\n=3000d=8_1.jpg,1425746,1812187,1270815,,
..\ccl_data\jpg_files\Sparse\FDGE\n=500d=10_2.jpg,104430,53851,92857,,1
..\ccl_data\jpg_files\Sparse\FDGE\n=500d=12_1.jpg,163353,52860,51919,,
..\ccl_data\jpg_files\Sparse\FDGE\n=500d=15_1.jpg,78094,53855,51980,,
..\ccl_data\jpg_files\Sparse\FDGE\n=500d=6_3.jpg,100018,47904,56984,,1
..\ccl_data\jpg_files\Sparse\FDGE\n=500d=8_2.jpg,69072,54847,61023,,1
..\ccl_data\jpg_files\Sparse\FR\n=1000d=10_8870.jpg,178128,164525,154108,,
..\ccl_data\jpg_files\Sparse\FR\n=1000d=12_8045.jpg,389378,148639,116703,,
..\ccl_data\jpg_files\Sparse\FR\n=1000d=15_8701.jpg,163959,163586,180482,1,1
..\ccl_data\jpg_files\Sparse\FR\n=1000d=6_9596.jpg,190614,190519,181089,,
..\ccl_data\jpg_files\Sparse\FR\n=1000d=8_9856.jpg,286965,161568,147709,,
..\ccl_data\jpg_files\Sparse\FR\n=2000d=10_1842.jpg,549897,724063,500537,,
..\ccl_data\jpg_files\Sparse\FR\n=2000d=12_1834.jpg,528251,736055,500710,,
..\ccl_data\jpg_files\Sparse\FR\n=2000d=15_1883.jpg,630825,734037,537472,,
..\ccl_data\jpg_files\Sparse\FR\n=2000d=6_2232.jpg,631789,765954,529757,,
..\ccl_data\jpg_files\Sparse\FR\n=2000d=8_1789.jpg,591552,773571,499634,,
..\ccl_data\jpg_files\Sparse\FR\n=3000d=10_812.jpg,1180860,1703191,1100053,,
..\ccl_data\jpg_files\Sparse\FR\n=3000d=12_864.jpg,1536889,1669500,1090217,,
..\ccl_data\jpg_files\Sparse\FR\n=3000d=15_924.jpg,1302077,1771350,1166903,,
..\ccl_data\jpg_files\Sparse\FR\n=3000d=6_832.jpg,1370362,1633244,1322273,,
..\ccl_data\jpg_files\Sparse\FR\n=3000d=8_1028.jpg,5445433,1616904,1419204,,
..\ccl_data\jpg_files\Sparse\FR\n=500d=10_36630.jpg,329545,97364,96740,,
..\ccl_data\jpg_files\Sparse\FR\n=500d=12_29798.jpg,119163,54510,97768,,1
..\ccl_data\jpg_files\Sparse\FR\n=500d=15_27276.jpg,186104,58444,71843,,1
..\ccl_data\jpg_files\Sparse\FR\n=500d=6_35995.jpg,1075158,62360,38895,,
..\ccl_data\jpg_files\Sparse\FR\n=500d=8_38402.jpg,129024,70218,68813,,
..\ccl_data\jpg_files\Sparse\FRR\n=1000d=10_8904.jpg,1143194,179924,137630,,
..\ccl_data\jpg_files\Sparse\FRR\n=1000d=12_8735.jpg,804897,170578,118682,,
..\ccl_data\jpg_files\Sparse\FRR\n=1000d=15_8778.jpg,193376,162544,129174,,
..\ccl_data\jpg_files\Sparse\FRR\n=1000d=6_8853.jpg,1839860,215188,168550,,
..\ccl_data\jpg_files\Sparse\FRR\n=1000d=8_8216.jpg,1090675,221649,177525,,
..\ccl_data\jpg_files\Sparse\FRR\n=2000d=10_1900.jpg,1037077,680210,613076,,
..\ccl_data\jpg_files\Sparse\FRR\n=2000d=12_1716.jpg,1631501,682253,492681,,
..\ccl_data\jpg_files\Sparse\FRR\n=2000d=15_1807.jpg,778599,677115,492682,,
..\ccl_data\jpg_files\Sparse\FRR\n=2000d=6_1923.jpg,2126542,701548,535109,,
..\ccl_data\jpg_files\Sparse\FRR\n=2000d=8_1972.jpg,3064938,712353,459837,,
..\ccl_data\jpg_files\Sparse\FRR\n=3000d=10_837.jpg,4707873,1536652,905732,,
..\ccl_data\jpg_files\Sparse\FRR\n=3000d=12_959.jpg,4980739,1714857,954142,,
..\ccl_data\jpg_files\Sparse\FRR\n=3000d=15_832.jpg,6335763,1583129,837039,,
..\ccl_data\jpg_files\Sparse\FRR\n=3000d=6_926.jpg,2942615,1746103,1333641,,
..\ccl_data\jpg_files\Sparse\FRR\n=3000d=8_897.jpg,2265671,1691437,1106042,,
..\ccl_data\jpg_files\Sparse\FRR\n=500d=10_36769.jpg,58097,84328,94745,1,1
..\ccl_data\jpg_files\Sparse\FRR\n=500d=12_36906.jpg,41015,48851,80785,1,1
..\ccl_data\jpg_files\Sparse\FRR\n=500d=15_34093.jpg,51864,46674,53855,1,1
..\ccl_data\jpg_files\Sparse\FRR\n=500d=6_34660.jpg,156419,55285,110704,,1
..\ccl_data\jpg_files\Sparse\FRR\n=500d=8_40735.jpg,245069,69575,69813,,1
..\ccl_data\jpg_files\Sparse\FRU\n=1000d=10_7855.jpg,171383,205357,182541,1,
..\ccl_data\jpg_files\Sparse\FRU\n=1000d=12_8079.jpg,145802,189482,163562,1,
..\ccl_data\jpg_files\Sparse\FRU\n=1000d=15_7845.jpg,303432,169428,146607,,
..\ccl_data\jpg_files\Sparse\FRU\n=1000d=6_7910.jpg,147698,213504,188525,1,
..\ccl_data\jpg_files\Sparse\FRU\n=1000d=8_7551.jpg,159686,221465,194509,1,
..\ccl_data\jpg_files\Sparse\FRU\n=2000d=10_1996.jpg,646007,722107,566486,,
..\ccl_data\jpg_files\Sparse\FRU\n=2000d=12_1992.jpg,536363,772902,404946,,
..\ccl_data\jpg_files\Sparse\FRU\n=2000d=15_1813.jpg,505708,771686,482654,,
..\ccl_data\jpg_files\Sparse\FRU\n=2000d=6_1958.jpg,559550,706894,444475,,
..\ccl_data\jpg_files\Sparse\FRU\n=2000d=8_2007.jpg,522755,782324,428594,,
..\ccl_data\jpg_files\Sparse\FRU\n=3000d=10_894.jpg,1202640,1523657,1187830,,
..\ccl_data\jpg_files\Sparse\FRU\n=3000d=12_841.jpg,1146766,1500032,996611,,
..\ccl_data\jpg_files\Sparse\FRU\n=3000d=15_754.jpg,1183016,1585823,1030844,,
..\ccl_data\jpg_files\Sparse\FRU\n=3000d=6_916.jpg,1127676,1827269,982454,,
..\ccl_data\jpg_files\Sparse\FRU\n=3000d=8_863.jpg,1190839,1678771,1040544,,
..\ccl_data\jpg_files\Sparse\FRU\n=500d=10_35884.jpg,67141,77773,104573,1,1
..\ccl_data\jpg_files\Sparse\FRU\n=500d=12_24833.jpg,104459,48070,43886,,
..\ccl_data\jpg_files\Sparse\FRU\n=500d=15_31055.jpg,54851,77221,44851,,
..\ccl_data\jpg_files\Sparse\FRU\n=500d=6_36711.jpg,49019,43143,51958,1,1
..\ccl_data\jpg_files\Sparse\FRU\n=500d=8_35908.jpg,64906,58577,63868,,1
..\ccl_data\jpg_files\Sparse\JIGGLE\n=1000d=10_8934.jpg,171750,195885,144628,,
..\ccl_data\jpg_files\Sparse\JIGGLE\n=1000d=12_8290.jpg,228485,208442,138689,,
..\ccl_data\jpg_files\Sparse\JIGGLE\n=1000d=15_8258.jpg,221703,179425,122150,,
..\ccl_data\jpg_files\Sparse\JIGGLE\n=1000d=6_8449.jpg,145645,170412,102725,,
..\ccl_data\jpg_files\Sparse\JIGGLE\n=1000d=8_7034.jpg,258850,192987,147943,,
..\ccl_data\jpg_files\Sparse\JIGGLE\n=2000d=10_1038.jpg,514833,714859,428988,,
..\ccl_data\jpg_files\Sparse\JIGGLE\n=2000d=12_919.jpg,533583,764713,482299,,
..\ccl_data\jpg_files\Sparse\JIGGLE\n=2000d=15_991.jpg,606615,781618,534737,,
..\ccl_data\jpg_files\Sparse\JIGGLE\n=2000d=6_957.jpg,514699,766847,422424,,
..\ccl_data\jpg_files\Sparse\JIGGLE\n=2000d=8_959.jpg,567572,800595,460910,,
..\ccl_data\jpg_files\Sparse\JIGGLE\n=3000d=10_359.jpg,1220144,1794633,1340832,1,
..\ccl_data\jpg_files\Sparse\JIGGLE\n=3000d=12_398.jpg,1612917,1663643,1367579,,
..\ccl_data\jpg_files\Sparse\JIGGLE\n=3000d=15_404.jpg,1614495,1789969,1276155,,
..\ccl_data\jpg_files\Sparse\JIGGLE\n=3000d=6_372.jpg,1332408,1859025,1338792,1,
..\ccl_data\jpg_files\Sparse\JIGGLE\n=3000d=8_344.jpg,1239098,1796013,1384684,1,
..\ccl_data\jpg_files\Sparse\JIGGLE\n=500d=10_23174.jpg,81056,80365,86602,1,1
..\ccl_data\jpg_files\Sparse\JIGGLE\n=500d=12_34581.jpg,91035,50951,53993,,1
..\ccl_data\jpg_files\Sparse\JIGGLE\n=500d=15_30502.jpg,49392,48874,54855,1,1
..\ccl_data\jpg_files\Sparse\JIGGLE\n=500d=6_28183.jpg,57274,52947,65606,1,1
..\ccl_data\jpg_files\Sparse\JIGGLE\n=500d=8_35845.jpg,51136,50636,41969,,
..\ccl_data\jpg_files\Sparse\KK\n=1000d=10_5199.jpg,156733,222673,147862,,
..\ccl_data\jpg_files\Sparse\KK\n=1000d=12_4619.jpg,141001,213897,154592,1,
..\ccl_data\jpg_files\Sparse\KK\n=1000d=15_5772.jpg,235474,172549,160824,,
..\ccl_data\jpg_files\Sparse\KK\n=1000d=6_5157.jpg,161875,190060,129882,,
..\ccl_data\jpg_files\Sparse\KK\n=1000d=8_4794.jpg,146625,202663,129954,,
..\ccl_data\jpg_files\Sparse\KK\n=2000d=10_1159.jpg,509914,761681,483958,,
..\ccl_data\jpg_files\Sparse\KK\n=2000d=12_1337.jpg,492759,809535,529740,1,
..\ccl_data\jpg_files\Sparse\KK\n=2000d=15_983.jpg,495407,779766,617349,1,
..\ccl_data\jpg_files\Sparse\KK\n=2000d=6_1278.jpg,559816,762618,638292,1,
..\ccl_data\jpg_files\Sparse\KK\n=2000d=8_1052.jpg,548658,715919,576432,1,
..\ccl_data\jpg_files\Sparse\KK\n=3000d=10_624.jpg,943652,1654815,1085098,1,
..\ccl_data\jpg_files\Sparse\KK\n=3000d=12_491.jpg,940756,1634916,1060384,1,
..\ccl_data\jpg_files\Sparse\KK\n=3000d=15_600.jpg,969720,1592407,998945,1,
..\ccl_data\jpg_files\Sparse\KK\n=3000d=6_538.jpg,1074586,1800525,1219946,1,
..\ccl_data\jpg_files\Sparse\KK\n=3000d=8_485.jpg,962107,1694443,1130736,1,
..\ccl_data\jpg_files\Sparse\KK\n=500d=10_21083.jpg,72828,81887,95965,1,1
..\ccl_data\jpg_files\Sparse\KK\n=500d=12_21451.jpg,56134,62611,54231,,
..\ccl_data\jpg_files\Sparse\KK\n=500d=15_19102.jpg,48488,62359,45010,,
..\ccl_data\jpg_files\Sparse\KK\n=500d=6_29163.jpg,53410,63684,74853,1,1
..\ccl_data\jpg_files\Sparse\KK\n=500d=8_28738.jpg,62062,55850,88391,1,1
..\ccl_data\jpg_files\Sparse\KK_W\n=1000d=10_1088.jpg,189908,239600,181840,,
..\ccl_data\jpg_files\Sparse\KK_W\n=1000d=12_1019.jpg,172639,226870,181513,1,
..\ccl_data\jpg_files\Sparse\KK_W\n=1000d=15_1063.jpg,168792,208447,151640,,
..\ccl_data\jpg_files\Sparse\KK_W\n=1000d=6_967.jpg,235755,215423,189565,,
..\ccl_data\jpg_files\Sparse\KK_W\n=1000d=8_1139.jpg,165579,206487,221407,1,1
..\ccl_data\jpg_files\Sparse\KK_W\n=2000d=10_425.jpg,571583,778934,622336,1,
..\ccl_data\jpg_files\Sparse\KK_W\n=2000d=12_389.jpg,567961,706325,508824,,
..\ccl_data\jpg_files\Sparse\KK_W\n=2000d=15_377.jpg,665881,782901,558582,,
..\ccl_data\jpg_files\Sparse\KK_W\n=2000d=6_340.jpg,522779,734633,464411,,
..\ccl_data\jpg_files\Sparse\KK_W\n=2000d=8_417.jpg,565813,755671,505781,,
..\ccl_data\jpg_files\Sparse\KK_W\n=3000d=10_250.jpg,1315326,1843586,1147588,,
..\ccl_data\jpg_files\Sparse\KK_W\n=3000d=12_247.jpg,1295996,1958961,1214302,,
..\ccl_data\jpg_files\Sparse\KK_W\n=3000d=15_239.jpg,1459441,1862324,1370680,,
..\ccl_data\jpg_files\Sparse\KK_W\n=3000d=6_228.jpg,1374312,1755645,1158593,,
..\ccl_data\jpg_files\Sparse\KK_W\n=3000d=8_268.jpg,1375552,1771865,1164978,,
..\ccl_data\jpg_files\Sparse\KK_W\n=500d=10_2964.jpg,67908,64496,114109,1,1
..\ccl_data\jpg_files\Sparse\KK_W\n=500d=12_2805.jpg,48040,61185,56135,1,
..\ccl_data\jpg_files\Sparse\KK_W\n=500d=15_2837.jpg,61081,53073,58282,,1
..\ccl_data\jpg_files\Sparse\KK_W\n=500d=6_2628.jpg,72199,66837,59013,,
..\ccl_data\jpg_files\Sparse\KK_W\n=500d=8_2489.jpg,58841,53487,50163,,
..\ccl_data\jpg_files\Sparse\LINLOG\n=1000d=10_9016.jpg,124811,222343,122926,,
..\ccl_data\jpg_files\Sparse\LINLOG\n=1000d=12_514.jpg,111715,154804,99466,,
..\ccl_data\jpg_files\Sparse\LINLOG\n=1000d=15_8570.jpg,116890,154461,118649,1,
..\ccl_data\jpg_files\Sparse\LINLOG\n=1000d=6_10202.jpg,122671,167550,110735,,
..\ccl_data\jpg_files\Sparse\LINLOG\n=1000d=8_9513.jpg,112810,176527,119765,1,
..\ccl_data\jpg_files\Sparse\LINLOG\n=2000d=10_4416.jpg,387002,710101,393526,1,
..\ccl_data\jpg_files\Sparse\LINLOG\n=2000d=12_4034.jpg,467681,797865,351501,,
..\ccl_data\jpg_files\Sparse\LINLOG\n=2000d=15_3580.jpg,373276,645495,353744,,
..\ccl_data\jpg_files\Sparse\LINLOG\n=2000d=6_4661.jpg,508615,705054,1277098,1,1
..\ccl_data\jpg_files\Sparse\LINLOG\n=2000d=8_4287.jpg,384460,719290,411589,1,
..\ccl_data\jpg_files\Sparse\LINLOG\n=3000d=10_2545.jpg,906815,1482491,795360,,
..\ccl_data\jpg_files\Sparse\LINLOG\n=3000d=12_2576.jpg,756203,1654411,847490,1,
..\ccl_data\jpg_files\Sparse\LINLOG\n=3000d=15_2353.jpg,832781,1468867,894244,1,
..\ccl_data\jpg_files\Sparse\LINLOG\n=3000d=6_2832.jpg,936962,1643769,933848,,
..\ccl_data\jpg_files\Sparse\LINLOG\n=3000d=8_1749.jpg,918086,1621818,863850,,
..\ccl_data\jpg_files\Sparse\LINLOG\n=500d=10_13870.jpg,59547,64827,91026,1,1
..\ccl_data\jpg_files\Sparse\LINLOG\n=500d=12_13319.jpg,35907,51861,61348,1,1
..\ccl_data\jpg_files\Sparse\LINLOG\n=500d=15_11615.jpg,46488,60834,39022,,
..\ccl_data\jpg_files\Sparse\LINLOG\n=500d=6_21143.jpg,51042,82778,35944,,
..\ccl_data\jpg_files\Sparse\LINLOG\n=500d=8_13486.jpg,62280,56848,70110,1,1
..\ccl_data\jpg_files\Uniform\DH\n=1000d=10_45.jpg,153073,244346,140985,,
..\ccl_data\jpg_files\Uniform\DH\n=1000d=12_47.jpg,136669,242350,135160,,
..\ccl_data\jpg_files\Uniform\DH\n=1000d=15_41.jpg,179224,203456,118681,,
..\ccl_data\jpg_files\Uniform\DH\n=1000d=6_43.jpg,156102,172538,96946,,
..\ccl_data\jpg_files\Uniform\DH\n=1000d=8_44.jpg,156628,179685,130747,,
..\ccl_data\jpg_files\Uniform\DH\n=2000d=10_10.jpg,442854,703934,449474,1,
..\ccl_data\jpg_files\Uniform\DH\n=2000d=12_10.jpg,472035,712098,484524,1,
..\ccl_data\jpg_files\Uniform\DH\n=2000d=15_11.jpg,454990,669494,387967,,
..\ccl_data\jpg_files\Uniform\DH\n=2000d=6_10.jpg,455914,1809840,365641,,
..\ccl_data\jpg_files\Uniform\DH\n=2000d=8_9.jpg,533066,741051,540964,1,
..\ccl_data\jpg_files\Uniform\DH\n=3000d=10_4.jpg,1095476,1691908,1147505,1,
..\ccl_data\jpg_files\Uniform\DH\n=3000d=12_5.jpg,1122294,1703022,1107883,,
..\ccl_data\jpg_files\Uniform\DH\n=3000d=15_4.jpg,1038559,1685267,1090693,1,
..\ccl_data\jpg_files\Uniform\DH\n=3000d=6_4.jpg,1151323,1680452,907998,,
..\ccl_data\jpg_files\Uniform\DH\n=3000d=8_4.jpg,1207085,1867988,1094226,,
..\ccl_data\jpg_files\Uniform\DH\n=500d=10_189.jpg,61059,76675,79434,1,1
..\ccl_data\jpg_files\Uniform\DH\n=500d=12_208.jpg,47872,53518,44190,,
..\ccl_data\jpg_files\Uniform\DH\n=500d=15_203.jpg,50450,55509,62175,1,1
..\ccl_data\jpg_files\Uniform\DH\n=500d=6_244.jpg,62142,73121,51176,,
..\ccl_data\jpg_files\Uniform\DH\n=500d=8_193.jpg,50230,49341,47900,,
..\ccl_data\jpg_files\Uniform\FA2\n=1000d=10_7424.jpg,147917,226392,166144,1,
..\ccl_data\jpg_files\Uniform\FA2\n=1000d=12_7620.jpg,142646,226298,156582,1,
..\ccl_data\jpg_files\Uniform\FA2\n=1000d=15_7404.jpg,156805,198435,138934,,
..\ccl_data\jpg_files\Uniform\FA2\n=1000d=6_8602.jpg,178646,207619,169547,,
..\ccl_data\jpg_files\Uniform\FA2\n=1000d=8_7402.jpg,156725,217580,144214,,
..\ccl_data\jpg_files\Uniform\FA2\n=2000d=10_1866.jpg,603096,857073,535788,,
..\ccl_data\jpg_files\Uniform\FA2\n=2000d=12_1885.jpg,616264,848404,611577,,
..\ccl_data\jpg_files\Uniform\FA2\n=2000d=15_1853.jpg,533116,789076,574650,1,
..\ccl_data\jpg_files\Uniform\FA2\n=2000d=6_1873.jpg,598668,851810,568722,,
..\ccl_data\jpg_files\Uniform\FA2\n=2000d=8_1911.jpg,676802,815481,738100,1,
..\ccl_data\jpg_files\Uniform\FA2\n=3000d=10_861.jpg,1326671,1909304,1595821,1,
..\ccl_data\jpg_files\Uniform\FA2\n=3000d=12_804.jpg,1570459,1853444,1813185,1,
..\ccl_data\jpg_files\Uniform\FA2\n=3000d=15_865.jpg,1437345,1760177,1643604,1,
..\ccl_data\jpg_files\Uniform\FA2\n=3000d=6_972.jpg,1344408,1875272,1346792,1,
..\ccl_data\jpg_files\Uniform\FA2\n=3000d=8_822.jpg,1379627,1938593,1501329,1,
..\ccl_data\jpg_files\Uniform\FA2\n=500d=10_30818.jpg,78593,76644,85092,1,1
..\ccl_data\jpg_files\Uniform\FA2\n=500d=12_34809.jpg,53085,52882,52106,,
..\ccl_data\jpg_files\Uniform\FA2\n=500d=15_30387.jpg,49124,80971,54000,1,
..\ccl_data\jpg_files\Uniform\FA2\n=500d=6_25765.jpg,69393,76924,66821,,
..\ccl_data\jpg_files\Uniform\FA2\n=500d=8_30041.jpg,56971,78753,62831,1,
..\ccl_data\jpg_files\Uniform\FDGE\n=1000d=10_1.jpg,212693,284668,233436,1,
..\ccl_data\jpg_files\Uniform\FDGE\n=1000d=12_1.jpg,281023,274233,330313,1,1
..\ccl_data\jpg_files\Uniform\FDGE\n=1000d=15_1.jpg,189660,231287,253711,1,1
..\ccl_data\jpg_files\Uniform\FDGE\n=1000d=6_1.jpg,210983,270219,215424,1,
..\ccl_data\jpg_files\Uniform\FDGE\n=1000d=8_1.jpg,199616,266049,222565,1,
..\ccl_data\jpg_files\Uniform\FDGE\n=2000d=10_1.jpg,801021,1049146,837295,1,
..\ccl_data\jpg_files\Uniform\FDGE\n=2000d=12_1.jpg,1095707,1012096,849810,,
..\ccl_data\jpg_files\Uniform\FDGE\n=2000d=15_1.jpg,806297,1146282,991640,1,
..\ccl_data\jpg_files\Uniform\FDGE\n=2000d=6_1.jpg,814291,966662,708378,,
..\ccl_data\jpg_files\Uniform\FDGE\n=2000d=8_1.jpg,765630,896585,755046,,
..\ccl_data\jpg_files\Uniform\FDGE\n=3000d=10_1.jpg,1762002,2107837,1807189,1,
..\ccl_data\jpg_files\Uniform\FDGE\n=3000d=12_1.jpg,1830415,2258170,1987596,1,
..\ccl_data\jpg_files\Uniform\FDGE\n=3000d=15_1.jpg,1888136,2146807,2367852,1,1
..\ccl_data\jpg_files\Uniform\FDGE\n=3000d=6_1.jpg,1772822,1944932,1615677,,
..\ccl_data\jpg_files\Uniform\FDGE\n=3000d=8_1.jpg,1591261,2113556,1693623,1,
..\ccl_data\jpg_files\Uniform\FDGE\n=500d=10_2.jpg,96002,81143,149692,1,1
..\ccl_data\jpg_files\Uniform\FDGE\n=500d=12_2.jpg,61947,67914,82802,1,1
..\ccl_data\jpg_files\Uniform\FDGE\n=500d=15_1.jpg,42922,61889,66820,1,1
..\ccl_data\jpg_files\Uniform\FDGE\n=500d=6_3.jpg,84889,65113,236397,1,1
..\ccl_data\jpg_files\Uniform\FDGE\n=500d=8_2.jpg,67942,76794,78789,1,1
..\ccl_data\jpg_files\Uniform\FR\n=1000d=10_9593.jpg,158867,199431,175530,1,
..\ccl_data\jpg_files\Uniform\FR\n=1000d=12_7465.jpg,159602,201358,184506,1,
..\ccl_data\jpg_files\Uniform\FR\n=1000d=15_7802.jpg,133641,175845,225396,1,1
..\ccl_data\jpg_files\Uniform\FR\n=1000d=6_9193.jpg,178590,228410,221406,1,
..\ccl_data\jpg_files\Uniform\FR\n=1000d=8_10521.jpg,220780,200098,171541,,
..\ccl_data\jpg_files\Uniform\FR\n=2000d=10_2181.jpg,623850,841042,652256,1,
..\ccl_data\jpg_files\Uniform\FR\n=2000d=12_2063.jpg,623910,834741,662229,1,
..\ccl_data\jpg_files\Uniform\FR\n=2000d=15_1836.jpg,717062,830534,640842,,
..\ccl_data\jpg_files\Uniform\FR\n=2000d=6_2163.jpg,639681,962493,639321,,
..\ccl_data\jpg_files\Uniform\FR\n=2000d=8_1818.jpg,757633,921808,671204,,
..\ccl_data\jpg_files\Uniform\FR\n=3000d=10_887.jpg,1542449,1904516,1380341,,
..\ccl_data\jpg_files\Uniform\FR\n=3000d=12_982.jpg,1246036,1830581,1207072,,
..\ccl_data\jpg_files\Uniform\FR\n=3000d=15_810.jpg,1275588,2531201,1236810,,
..\ccl_data\jpg_files\Uniform\FR\n=3000d=6_1070.jpg,1596068,3321084,1391696,,
..\ccl_data\jpg_files\Uniform\FR\n=3000d=8_790.jpg,1381321,3298504,1394951,1,
..\ccl_data\jpg_files\Uniform\FR\n=500d=10_30312.jpg,92059,166589,109722,1,
..\ccl_data\jpg_files\Uniform\FR\n=500d=12_29450.jpg,53183,128223,78183,1,
..\ccl_data\jpg_files\Uniform\FR\n=500d=15_28800.jpg,57134,132466,40066,,
..\ccl_data\jpg_files\Uniform\FR\n=500d=6_38981.jpg,139123,162136,54853,,
..\ccl_data\jpg_files\Uniform\FR\n=500d=8_41722.jpg,68831,129576,45582,,
..\ccl_data\jpg_files\Uniform\FRR\n=1000d=10_8229.jpg,112748,276259,104823,,
..\ccl_data\jpg_files\Uniform\FRR\n=1000d=12_9254.jpg,95187,334174,111791,1,
..\ccl_data\jpg_files\Uniform\FRR\n=1000d=15_8451.jpg,111909,249854,103762,,
..\ccl_data\jpg_files\Uniform\FRR\n=1000d=6_8924.jpg,282600,375027,143080,,
..\ccl_data\jpg_files\Uniform\FRR\n=1000d=8_7947.jpg,110897,389177,118747,1,
..\ccl_data\jpg_files\Uniform\FRR\n=2000d=10_2056.jpg,392705,1118305,411972,1,
..\ccl_data\jpg_files\Uniform\FRR\n=2000d=12_1759.jpg,364027,1164248,392280,1,
..\ccl_data\jpg_files\Uniform\FRR\n=2000d=15_2052.jpg,439777,1252291,362464,,
..\ccl_data\jpg_files\Uniform\FRR\n=2000d=6_1781.jpg,438910,1409934,530071,1,
..\ccl_data\jpg_files\Uniform\FRR\n=2000d=8_1837.jpg,407015,1213643,444303,1,
..\ccl_data\jpg_files\Uniform\FRR\n=3000d=10_811.jpg,994576,2807701,941548,,
..\ccl_data\jpg_files\Uniform\FRR\n=3000d=12_808.jpg,772352,2621888,959635,1,
..\ccl_data\jpg_files\Uniform\FRR\n=3000d=15_888.jpg,765496,2620924,849513,1,
..\ccl_data\jpg_files\Uniform\FRR\n=3000d=6_924.jpg,982283,3021677,1222149,1,
..\ccl_data\jpg_files\Uniform\FRR\n=3000d=8_850.jpg,867003,2697062,1017308,1,
..\ccl_data\jpg_files\Uniform\FRR\n=500d=10_35977.jpg,45882,111954,91786,1,
..\ccl_data\jpg_files\Uniform\FRR\n=500d=12_36571.jpg,38928,109747,49896,1,
..\ccl_data\jpg_files\Uniform\FRR\n=500d=15_33906.jpg,75097,104719,43882,,
..\ccl_data\jpg_files\Uniform\FRR\n=500d=6_34486.jpg,40014,93749,35934,,
..\ccl_data\jpg_files\Uniform\FRR\n=500d=8_35324.jpg,32204,96740,57843,1,
..\ccl_data\jpg_files\Uniform\FRU\n=1000d=10_7559.jpg,149630,432930,120651,,
..\ccl_data\jpg_files\Uniform\FRU\n=1000d=12_7881.jpg,173921,475328,165552,,
..\ccl_data\jpg_files\Uniform\FRU\n=1000d=15_7580.jpg,131744,363036,171559,1,
..\ccl_data\jpg_files\Uniform\FRU\n=1000d=6_8263.jpg,192757,458567,207407,1,
..\ccl_data\jpg_files\Uniform\FRU\n=1000d=8_7756.jpg,166553,332773,154867,,
..\ccl_data\jpg_files\Uniform\FRU\n=2000d=10_1739.jpg,575578,1268374,500755,,
..\ccl_data\jpg_files\Uniform\FRU\n=2000d=12_1914.jpg,479803,1078809,447435,,
..\ccl_data\jpg_files\Uniform\FRU\n=2000d=15_1746.jpg,591005,786449,605125,1,
..\ccl_data\jpg_files\Uniform\FRU\n=2000d=6_1892.jpg,538625,779233,589092,1,
..\ccl_data\jpg_files\Uniform\FRU\n=2000d=8_1881.jpg,588793,819218,500690,,
..\ccl_data\jpg_files\Uniform\FRU\n=3000d=10_853.jpg,1515117,1967116,1537912,1,
..\ccl_data\jpg_files\Uniform\FRU\n=3000d=12_859.jpg,1363878,1880495,1301486,,
..\ccl_data\jpg_files\Uniform\FRU\n=3000d=15_858.jpg,1193094,1732494,1315481,1,
..\ccl_data\jpg_files\Uniform\FRU\n=3000d=6_932.jpg,1388022,2048944,1243674,,
..\ccl_data\jpg_files\Uniform\FRU\n=3000d=8_931.jpg,1253542,1578004,1098525,,
..\ccl_data\jpg_files\Uniform\FRU\n=500d=10_24825.jpg,81341,62480,143995,1,1
..\ccl_data\jpg_files\Uniform\FRU\n=500d=12_25347.jpg,49889,46898,50985,1,1
..\ccl_data\jpg_files\Uniform\FRU\n=500d=15_19464.jpg,50107,62483,71808,1,1
..\ccl_data\jpg_files\Uniform\FRU\n=500d=6_25872.jpg,64257,78073,65981,1,
..\ccl_data\jpg_files\Uniform\FRU\n=500d=8_18064.jpg,125278,93720,67827,,
..\ccl_data\jpg_files\Uniform\JIGGLE\n=1000d=10_7103.jpg,187837,218699,189739,1,
..\ccl_data\jpg_files\Uniform\JIGGLE\n=1000d=12_6996.jpg,152597,216548,175706,1,
..\ccl_data\jpg_files\Uniform\JIGGLE\n=1000d=15_5939.jpg,134615,218697,149600,1,
..\ccl_data\jpg_files\Uniform\JIGGLE\n=1000d=6_5413.jpg,167726,218729,180738,1,
..\ccl_data\jpg_files\Uniform\JIGGLE\n=1000d=8_6577.jpg,196857,281518,274413,1,
..\ccl_data\jpg_files\Uniform\JIGGLE\n=2000d=10_851.jpg,549883,809971,545501,,
..\ccl_data\jpg_files\Uniform\JIGGLE\n=2000d=12_799.jpg,537913,827414,504875,,
..\ccl_data\jpg_files\Uniform\JIGGLE\n=2000d=15_806.jpg,548628,813759,604395,1,
..\ccl_data\jpg_files\Uniform\JIGGLE\n=2000d=6_748.jpg,804644,893964,597796,,
..\ccl_data\jpg_files\Uniform\JIGGLE\n=2000d=8_710.jpg,621795,920736,849726,1,
..\ccl_data\jpg_files\Uniform\JIGGLE\n=3000d=10_332.jpg,1197168,1891163,1692474,1,
..\ccl_data\jpg_files\Uniform\JIGGLE\n=3000d=12_269.jpg,1029474,1614339,1132408,1,
..\ccl_data\jpg_files\Uniform\JIGGLE\n=3000d=15_324.jpg,1057883,1651923,1088129,1,
..\ccl_data\jpg_files\Uniform\JIGGLE\n=3000d=6_273.jpg,1459816,1774468,1469330,1,
..\ccl_data\jpg_files\Uniform\JIGGLE\n=3000d=8_312.jpg,1205839,1763287,1331215,1,
..\ccl_data\jpg_files\Uniform\JIGGLE\n=500d=10_19264.jpg,94804,81696,102917,1,1
..\ccl_data\jpg_files\Uniform\JIGGLE\n=500d=12_21750.jpg,74969,63134,45137,,
..\ccl_data\jpg_files\Uniform\JIGGLE\n=500d=15_27935.jpg,52178,62497,58173,1,
..\ccl_data\jpg_files\Uniform\JIGGLE\n=500d=6_23525.jpg,51010,62484,68846,1,1
..\ccl_data\jpg_files\Uniform\JIGGLE\n=500d=8_19877.jpg,74286,46835,45848,,
..\ccl_data\jpg_files\Uniform\KK\n=1000d=10_5869.jpg,300891,249946,203810,,
..\ccl_data\jpg_files\Uniform\KK\n=1000d=12_5064.jpg,202959,203079,172574,,
..\ccl_data\jpg_files\Uniform\KK\n=1000d=15_5323.jpg,152624,190048,198927,1,1
..\ccl_data\jpg_files\Uniform\KK\n=1000d=6_6365.jpg,232595,218668,206609,,
..\ccl_data\jpg_files\Uniform\KK\n=1000d=8_4475.jpg,181814,234352,167643,,
..\ccl_data\jpg_files\Uniform\KK\n=2000d=10_1143.jpg,499704,840890,483931,,
..\ccl_data\jpg_files\Uniform\KK\n=2000d=12_955.jpg,510898,743217,494263,,
..\ccl_data\jpg_files\Uniform\KK\n=2000d=15_1006.jpg,567777,749549,504650,,
..\ccl_data\jpg_files\Uniform\KK\n=2000d=6_1185.jpg,561532,810624,557059,,
..\ccl_data\jpg_files\Uniform\KK\n=2000d=8_1050.jpg,542983,794844,521803,,
..\ccl_data\jpg_files\Uniform\KK\n=3000d=10_558.jpg,1047465,1613141,1036413,,
..\ccl_data\jpg_files\Uniform\KK\n=3000d=12_498.jpg,1223314,1591164,1054675,,
..\ccl_data\jpg_files\Uniform\KK\n=3000d=15_469.jpg,855887,1561595,968727,1,
..\ccl_data\jpg_files\Uniform\KK\n=3000d=6_547.jpg,1041323,1748658,1182482,1,
..\ccl_data\jpg_files\Uniform\KK\n=3000d=8_591.jpg,970866,1672168,1340036,1,
..\ccl_data\jpg_files\Uniform\KK\n=500d=10_20286.jpg,98055,62502,80785,,1
..\ccl_data\jpg_files\Uniform\KK\n=500d=12_21114.jpg,72152,77775,59839,,
..\ccl_data\jpg_files\Uniform\KK\n=500d=15_21255.jpg,46872,49743,75797,1,1
..\ccl_data\jpg_files\Uniform\KK\n=500d=6_31480.jpg,68841,109378,61859,,
..\ccl_data\jpg_files\Uniform\KK\n=500d=8_29416.jpg,67818,78136,54850,,
..\ccl_data\jpg_files\Uniform\KK_W\n=1000d=10_1304.jpg,177920,281155,243349,1,
..\ccl_data\jpg_files\Uniform\KK_W\n=1000d=12_1257.jpg,195910,243006,219437,1,
..\ccl_data\jpg_files\Uniform\KK_W\n=1000d=15_1089.jpg,185790,218726,214426,1,
..\ccl_data\jpg_files\Uniform\KK_W\n=1000d=6_1722.jpg,194805,218696,187499,,
..\ccl_data\jpg_files\Uniform\KK_W\n=1000d=8_1647.jpg,180691,218700,164558,,
..\ccl_data\jpg_files\Uniform\KK_W\n=2000d=10_539.jpg,773862,934232,761957,,
..\ccl_data\jpg_files\Uniform\KK_W\n=2000d=12_495.jpg,717491,952421,765847,1,
..\ccl_data\jpg_files\Uniform\KK_W\n=2000d=15_413.jpg,622468,858196,712930,1,
..\ccl_data\jpg_files\Uniform\KK_W\n=2000d=6_618.jpg,856118,888380,663108,,
..\ccl_data\jpg_files\Uniform\KK_W\n=2000d=8_526.jpg,684616,997393,703083,1,
..\ccl_data\jpg_files\Uniform\KK_W\n=3000d=10_288.jpg,1803093,2049709,1489152,,
..\ccl_data\jpg_files\Uniform\KK_W\n=3000d=12_259.jpg,1519887,1967788,1442032,,
..\ccl_data\jpg_files\Uniform\KK_W\n=3000d=15_238.jpg,1506724,1955712,1714350,1,
..\ccl_data\jpg_files\Uniform\KK_W\n=3000d=6_319.jpg,1410042,1809596,1305523,,
..\ccl_data\jpg_files\Uniform\KK_W\n=3000d=8_349.jpg,1423467,1918330,1372749,,
..\ccl_data\jpg_files\Uniform\KK_W\n=500d=10_3626.jpg,57891,78105,97738,1,1
..\ccl_data\jpg_files\Uniform\KK_W\n=500d=12_3144.jpg,59133,78074,50907,,
..\ccl_data\jpg_files\Uniform\KK_W\n=500d=15_2858.jpg,51102,62493,32912,,
..\ccl_data\jpg_files\Uniform\KK_W\n=500d=6_4769.jpg,66182,62455,85835,1,1
..\ccl_data\jpg_files\Uniform\KK_W\n=500d=8_3943.jpg,74373,62485,72874,,1
..\ccl_data\jpg_files\Uniform\LINLOG\n=1000d=10_7836.jpg,124102,156217,82775,,
..\ccl_data\jpg_files\Uniform\LINLOG\n=1000d=12_7526.jpg,104747,154482,146952,1,
..\ccl_data\jpg_files\Uniform\LINLOG\n=1000d=15_6578.jpg,110816,171834,93749,,
..\ccl_data\jpg_files\Uniform\LINLOG\n=1000d=6_8982.jpg,107834,140559,110936,1,
..\ccl_data\jpg_files\Uniform\LINLOG\n=1000d=8_8738.jpg,125132,140584,100769,,
..\ccl_data\jpg_files\Uniform\LINLOG\n=2000d=10_3645.jpg,391554,642499,443395,1,
..\ccl_data\jpg_files\Uniform\LINLOG\n=2000d=12_2985.jpg,363200,591888,399106,1,
..\ccl_data\jpg_files\Uniform\LINLOG\n=2000d=15_2947.jpg,373189,640663,324133,,
..\ccl_data\jpg_files\Uniform\LINLOG\n=2000d=6_3980.jpg,431862,671951,365236,,
..\ccl_data\jpg_files\Uniform\LINLOG\n=2000d=8_3724.jpg,382076,687366,370307,,
..\ccl_data\jpg_files\Uniform\LINLOG\n=3000d=10_2105.jpg,940526,1501482,785936,,
..\ccl_data\jpg_files\Uniform\LINLOG\n=3000d=12_1983.jpg,965694,1435571,857254,,
..\ccl_data\jpg_files\Uniform\LINLOG\n=3000d=15_1909.jpg,929552,1477782,788219,,
..\ccl_data\jpg_files\Uniform\LINLOG\n=3000d=6_2186.jpg,909838,1470825,960449,1,
..\ccl_data\jpg_files\Uniform\LINLOG\n=3000d=8_2362.jpg,883086,1594368,1285560,1,
..\ccl_data\jpg_files\Uniform\LINLOG\n=500d=10_16556.jpg,57844,46864,77792,1,1
..\ccl_data\jpg_files\Uniform\LINLOG\n=500d=12_18338.jpg,68816,46864,129652,1,1
..\ccl_data\jpg_files\Uniform\LINLOG\n=500d=15_15274.jpg,57844,46860,41890,,
..\ccl_data\jpg_files\Uniform\LINLOG\n=500d=6_17663.jpg,40891,46835,36903,,
..\ccl_data\jpg_files\Uniform\LINLOG\n=500d=8_19938.jpg,45877,31241,49866,1,1